edge,type,layer,head,S_clean,S_corr,DeltaS,AP,CT,keep
L0H0->Output,head,0,0,0.011750894249416888,-0.27026044577360153,0.2820113400230184,0.0810546875,0.0791015625,0
L0H1->Output,head,0,1,0.03466131299501285,0.5148221179842949,-0.48016080498928204,0.08544921875,0.083984375,0
L0H2->Output,head,0,2,-0.07505324567318894,0.8419128581881523,-0.9169661038613413,0.0927734375,0.091796875,0
L0H3->Output,head,0,3,6.017442781478167,8.558257415890694,-2.540814634412527,0.0830078125,0.087890625,1
L0H4->Output,head,0,4,0.07954482163768262,0.14914725720882416,-0.06960243557114154,0.08447265625,0.0849609375,0
L0H5->Output,head,0,5,0.06914520423742943,0.5312659032642841,-0.4621206990268547,0.0966796875,0.07275390625,0
L0H6->Output,head,0,6,-0.16211131981981453,-2.7334423884749413,2.5713310686551267,0.1826171875,0.17041015625,1
L0H7->Output,head,0,7,-0.07441555225523189,-0.02784181758761406,-0.04657373466761783,0.07421875,0.08203125,0
L0H8->Output,head,0,8,-0.12451005449111108,-0.5295775905251503,0.4050675360340392,0.09423828125,0.0888671875,0
L0H9->Output,head,0,9,-0.20371938864991535,-2.300199717283249,2.0964803286333336,0.07470703125,0.0859375,0
L0H10->Output,head,0,10,-0.019252099678851664,-0.9609997030347586,0.9417476033559069,0.091796875,0.07861328125,0
L0H11->Output,head,0,11,-0.10986002182471566,-1.609088245779276,1.4992282239545602,0.09228515625,0.08349609375,0
L0H12->Output,head,0,12,-0.13044204651669133,-1.6317663844674826,1.5013243379507912,0.0810546875,0.0732421875,0
L0H13->Output,head,0,13,-0.07668953943357337,-1.0466081406921148,0.9699186012585415,0.06787109375,0.07275390625,0
L0H14->Output,head,0,14,-0.04498392005916685,0.1525980941951275,-0.19758201425429434,0.08837890625,0.0830078125,0
L0H15->Output,head,0,15,-0.0034556984901428223,-0.06858108192682266,0.06512538343667984,0.07861328125,0.09375,0
MLP0->Output,mlp,0,-1,-0.04611226133420132,1.223412262275815,-1.2695245236100163,0.14599609375,0.14599609375,0
L1H0->Output,head,1,0,-0.016716158454073593,-0.12131320312619209,0.1045970446721185,0.0859375,0.095703125,0
L1H1->Output,head,1,1,0.05178169993450865,0.4053487218916416,-0.35356702195713297,0.083984375,0.07421875,0
L1H2->Output,head,1,2,0.031868166755884886,0.25704409554600716,-0.22517592879012227,0.09228515625,0.0810546875,0
L1H3->Output,head,1,3,0.12877628329442814,0.7493672035634518,-0.6205909202690236,0.08740234375,0.08251953125,0
L1H4->Output,head,1,4,0.050445273431250826,0.056318506598472595,-0.00587323316722177,0.10791015625,0.11083984375,0
L1H5->Output,head,1,5,-0.02763156287255697,-0.25231991708278656,0.2246883542102296,0.10107421875,0.10986328125,0
L1H6->Output,head,1,6,0.013362916943151504,0.2073367014527321,-0.19397378450958058,0.07568359375,0.076171875,0
L1H7->Output,head,1,7,0.06980570690939203,0.32164952903985977,-0.25184382213046774,0.08935546875,0.0869140625,0
L1H8->Output,head,1,8,0.01482879402465187,-0.09044500812888145,0.10527380215353332,0.099609375,0.09619140625,0
L1H9->Output,head,1,9,0.17828904851921834,1.4391357973217964,-1.260846748802578,0.1015625,0.1005859375,0
L1H10->Output,head,1,10,-0.06632857189106289,-0.04987560957670212,-0.016452962314360775,0.08740234375,0.08837890625,0
L1H11->Output,head,1,11,-0.10866484793950804,-0.8793977089226246,0.7707328609831166,0.08740234375,0.08349609375,0
L1H12->Output,head,1,12,0.03149889752967283,0.408988144248724,-0.37748924671905115,0.056640625,0.05322265625,0
L1H13->Output,head,1,13,-0.09510932315606624,-0.7763404436409473,0.6812311204848811,0.146484375,0.14404296875,0
L1H14->Output,head,1,14,-0.1083145736483857,-1.6517293490469456,1.5434147753985599,0.1015625,0.0869140625,0
L1H15->Output,head,1,15,-0.10165448622137774,-0.390319149941206,0.28866466371982824,0.07568359375,0.08642578125,0
MLP1->Output,mlp,1,-1,-0.21345185583049897,-3.5380489551462233,3.3245970993157243,-0.060546875,-0.060546875,1
L2H0->Output,head,2,0,-0.09954717950313352,-0.873004324734211,0.7734571452310774,0.07080078125,0.06884765625,0
L2H1->Output,head,2,1,0.21266154691693373,0.9286233484745026,-0.7159618015575688,0.0810546875,0.0771484375,0
L2H2->Output,head,2,2,-0.06752722768578678,-0.9758094046264887,0.9082821769407019,0.083984375,0.06787109375,0
L2H3->Output,head,2,3,-0.04495753830997273,-0.20823844149708748,0.16328090318711475,0.1083984375,0.09375,0
L2H4->Output,head,2,4,-0.04524802650848869,-0.6978576127439737,0.652609586235485,0.04150390625,0.04736328125,0
L2H5->Output,head,2,5,0.04998381272889674,-0.024608522653579712,0.07459233538247645,0.0732421875,0.0771484375,0
L2H6->Output,head,2,6,0.043716915330151096,0.9107976891100407,-0.8670807737798896,0.064453125,0.07275390625,0
L2H7->Output,head,2,7,-0.05434868286829442,-0.601515781134367,0.5471670982660726,0.0869140625,0.1015625,0
L2H8->Output,head,2,8,-0.060950646962737665,0.08857274800539017,-0.14952339496812783,0.09765625,0.09228515625,0
L2H9->Output,head,2,9,0.000817619904410094,-0.5497081074863672,0.5505257273907773,0.10107421875,0.09814453125,0
L2H10->Output,head,2,10,0.023447091225534678,0.041681285947561264,-0.018234194722026587,0.0849609375,0.06689453125,0
L2H11->Output,head,2,11,-0.08137803935096599,-0.16180802136659622,0.08042998201563023,0.064453125,0.07568359375,0
L2H12->Output,head,2,12,-0.11729867800022475,-0.8416932430118322,0.7243945650116075,0.09765625,0.0859375,0
L2H13->Output,head,2,13,-0.014185928244842216,-0.09345823898911476,0.07927231074427254,0.07568359375,0.0751953125,0
L2H14->Output,head,2,14,0.18285743179148994,0.1178218238055706,0.06503560798591934,-0.02001953125,-0.0107421875,0
L2H15->Output,head,2,15,-0.15958058105024975,-1.3723803479224443,1.2127997668721946,0.04541015625,0.01708984375,0
MLP2->Output,mlp,2,-1,-0.2077466748050938,-3.1009842639323324,2.8932375891272386,-0.1982421875,-0.1982421875,1
L3H0->Output,head,3,0,0.13444553627050482,-0.5118486974388361,0.6462942337093409,0.1005859375,0.1005859375,0
L3H1->Output,head,3,1,-0.002337619458558038,-0.8374737817794085,0.8351361623208504,0.03759765625,0.03076171875,0
L3H2->Output,head,3,2,-0.04808926708938088,-0.4723302833735943,0.4242410162842134,0.04638671875,0.05029296875,0
L3H3->Output,head,3,3,0.06157199534936808,0.8038643598556519,-0.7422923645062838,0.07861328125,0.0908203125,0
L3H4->Output,head,3,4,0.029707093664910644,0.39475712180137634,-0.3650500281364657,0.0849609375,0.08349609375,0
L3H5->Output,head,3,5,-0.06484604798606597,-0.4427146725356579,0.3778686245495919,0.0908203125,0.07958984375,0
L3H6->Output,head,3,6,-0.0034960079356096685,-0.07308981567621231,0.06959380774060264,0.0966796875,0.09228515625,0
L3H7->Output,head,3,7,-0.07338305370649323,0.1420296598225832,-0.21541271352907643,0.05419921875,0.052734375,0
L3H8->Output,head,3,8,-0.02996932712267153,-0.2968834154307842,0.2669140883081127,0.052734375,0.0654296875,0
L3H9->Output,head,3,9,-0.037021724579972215,-0.4625192489475012,0.42549752436752897,0.091796875,0.10986328125,0
L3H10->Output,head,3,10,-0.025551587692461908,-0.1646336317062378,0.13908204401377589,0.07763671875,0.0888671875,0
L3H11->Output,head,3,11,-0.17830093912198208,-1.9314584322273731,1.753157493105391,0.09375,0.0869140625,0
L3H12->Output,head,3,12,-0.023610068019479513,-0.2721271775662899,0.2485171095468104,0.169921875,0.150390625,0
L3H13->Output,head,3,13,0.002607074216939509,0.7051472254097462,-0.7025401511928067,0.10693359375,0.09521484375,0
L3H14->Output,head,3,14,0.03373800206463784,0.051098909229040146,-0.017360907164402306,0.1171875,0.1220703125,0
L3H15->Output,head,3,15,-0.10954061560914852,-0.8618484791368246,0.7523078635276761,0.04443359375,0.037109375,0
MLP3->Output,mlp,3,-1,-0.21351607031465392,-3.4729962773053558,3.259480206990702,0.44384765625,0.44384765625,1
L4H0->Output,head,4,0,-0.045317445357795805,-0.417266633361578,0.3719491880037822,0.16552734375,0.171875,0
L4H1->Output,head,4,1,0.33143214412848465,1.6909886002540588,-1.3595564561255742,0.06982421875,0.07080078125,0
L4H2->Output,head,4,2,-0.028302966034971178,-0.2343583181500435,0.2060553521150723,0.07763671875,0.0751953125,0
L4H3->Output,head,4,3,-0.023334474361035973,-0.056163400411605835,0.03282892605056986,0.083984375,0.0791015625,0
L4H4->Output,head,4,4,-0.11352510069264099,-1.7138647325336933,1.6003396318410523,0.17919921875,0.1689453125,0
L4H5->Output,head,4,5,0.1644438746443484,1.1210424527525902,-0.9565985781082418,0.09228515625,0.06396484375,0
L4H6->Output,head,4,6,-0.08655128130340017,-0.4303278550505638,0.34377657374716364,0.07958984375,0.072265625,0
L4H7->Output,head,4,7,0.016934993356699124,-0.02477984130382538,0.0417148346605245,0.07177734375,0.0673828125,0
L4H8->Output,head,4,8,-0.006881608511321247,-0.08975569158792496,0.08287408307660371,0.07861328125,0.08642578125,0
L4H9->Output,head,4,9,-0.1444144538254477,-0.8494786322116852,0.7050641783862375,0.1220703125,0.13427734375,0
L4H10->Output,head,4,10,-0.07224387013411615,-0.2640087492763996,0.19176487914228346,0.0380859375,0.056640625,0
L4H11->Output,head,4,11,-0.1706364133860916,-1.922147512435913,1.7515110990498215,0.21826171875,0.22607421875,0
L4H12->Output,head,4,12,-0.012945806956849992,-0.10226790606975555,0.08932209911290556,0.07666015625,0.06494140625,0
L4H13->Output,head,4,13,0.050679428153671324,0.5545363835990429,-0.5038569554453716,0.0810546875,0.08349609375,0
L4H14->Output,head,4,14,0.0028154077008366585,-0.12253352254629135,0.125348930247128,0.0625,0.07177734375,0
L4H15->Output,head,4,15,-0.1754277128056856,-2.173681391403079,1.9982536785973934,0.11669921875,0.11962890625,0
MLP4->Output,mlp,4,-1,0.882855939475121,0.05452818237245083,0.8283277571026701,0.34716796875,0.34716796875,0
L5H0->Output,head,5,0,0.008885700925020501,-0.0031998567283153534,0.012085557653335854,0.0732421875,0.0830078125,0
L5H1->Output,head,5,1,-0.003026907186722383,-1.7230984326452017,1.7200715254584793,0.1376953125,0.140625,0
L5H2->Output,head,5,2,-0.02172618400072679,-0.1493336372077465,0.12760745320701972,0.0986328125,0.08447265625,0
L5H3->Output,head,5,3,0.011715743487002328,0.12533215805888176,-0.11361641457187943,0.0927734375,0.07421875,0
L5H4->Output,head,5,4,0.04062560587772168,0.37291330471634865,-0.33228769883862697,0.0458984375,0.04345703125,0
L5H5->Output,head,5,5,-0.13455892151978333,-1.473125221207738,1.3385662996879546,0.0546875,0.04833984375,0
L5H6->Output,head,5,6,-0.014761390775674954,0.06924442201852798,-0.08400581279420294,0.0703125,0.0751953125,0
L5H7->Output,head,5,7,0.02989190528751351,0.319664902985096,-0.28977299769758247,0.0673828125,0.06982421875,0
L5H8->Output,head,5,8,0.024499106453731656,0.3975130245089531,-0.37301391805522144,0.10888671875,0.11962890625,0
L5H9->Output,head,5,9,0.5864046118222177,2.8622187934815884,-2.2758141816593707,0.0693359375,0.0859375,1
L5H10->Output,head,5,10,0.03741130465641618,0.5898511856794357,-0.5524398810230196,0.12353515625,0.13232421875,0
L5H11->Output,head,5,11,-0.021927585039520636,-0.13199258223176003,0.11006499719223939,0.09765625,0.10595703125,0
L5H12->Output,head,5,12,-0.12579495149839204,-1.503062665462494,1.3772677139641019,0.15185546875,0.17333984375,0
L5H13->Output,head,5,13,0.27007280811085366,0.7615915983915329,-0.49151879028067924,0.1796875,0.162109375,0
L5H14->Output,head,5,14,0.06511352563393302,0.14079655706882477,-0.07568303143489175,0.09033203125,0.07861328125,0
L5H15->Output,head,5,15,-0.17501287171035074,-2.347093775868416,2.172080904158065,0.1318359375,0.1298828125,0
MLP5->Output,mlp,5,-1,-0.21569002657815872,-3.6319473651237786,3.41625733854562,0.1845703125,0.1845703125,1
L6H0->Output,head,6,0,0.05981838845764287,0.013625744730234146,0.04619264372740872,0.53662109375,0.537109375,0
L6H1->Output,head,6,1,0.007040505181066692,-0.020422928035259247,0.02746343321632594,0.13330078125,0.15380859375,0
L6H2->Output,head,6,2,-0.04234811740752775,-0.2770226337015629,0.23467451629403513,0.08154296875,0.09228515625,0
L6H3->Output,head,6,3,-0.01925510258297436,-0.2159736193716526,0.19671851678867824,0.09375,0.09130859375,0
L6H4->Output,head,6,4,-0.0755198888364248,-1.528122516348958,1.4526026275125332,0.1328125,0.15087890625,0
L6H5->Output,head,6,5,0.16615561617072672,0.23990697786211967,-0.07375136169139296,0.03125,0.02490234375,0
L6H6->Output,head,6,6,0.09471074113389477,0.658806961029768,-0.5640962198958732,0.0400390625,0.048828125,0
L6H7->Output,head,6,7,-0.17514400178333744,-1.4307257067412138,1.2555817049578764,0.0947265625,0.11328125,0
L6H8->Output,head,6,8,0.07121877899044193,0.5631601810455322,-0.4919414020550903,0.09716796875,0.095703125,0
L6H9->Output,head,6,9,-0.03352162605733611,-0.3664831556379795,0.3329615295806434,0.1708984375,0.1728515625,0
L6H10->Output,head,6,10,0.07994436757871881,1.1442572586238384,-1.0643128910451196,0.1103515625,0.11474609375,0
L6H11->Output,head,6,11,0.036356953205540776,0.2351159229874611,-0.1987589697819203,0.08251953125,0.08984375,0
L6H12->Output,head,6,12,0.05681317110429518,-0.3868644908070564,0.4436776619113516,0.08642578125,0.083984375,0
L6H13->Output,head,6,13,0.1236756284488365,0.299623504281044,-0.1759478758322075,0.08447265625,0.07177734375,0
L6H14->Output,head,6,14,-0.14108098708675243,-1.166586758568883,1.0255057714821305,0.05517578125,0.05322265625,0
L6H15->Output,head,6,15,-0.018892923806561157,-0.1928108036518097,0.17391787984524854,0.107421875,0.1123046875,0
MLP6->Output,mlp,6,-1,-0.2158551432812601,-3.601561082788976,3.385705939507716,0.4443359375,0.4443359375,1
L7H0->Output,head,7,0,-0.12533203152997885,-1.4434065036475658,1.318074472117587,0.09228515625,0.1025390625,0
L7H1->Output,head,7,1,-0.09626226703403518,-0.25196410343050957,0.1557018363964744,0.06787109375,0.0673828125,0
L7H2->Output,head,7,2,0.011473324586404487,0.09586074948310852,-0.08438742489670403,0.05712890625,0.0634765625,0
L7H3->Output,head,7,3,0.12820927481516264,0.5019893683493137,-0.3737800935341511,-0.0009765625,0.0087890625,0
L7H4->Output,head,7,4,-0.17068004957400262,-2.1510666608810425,1.9803866113070399,0.19970703125,0.19287109375,0
L7H5->Output,head,7,5,0.117375391011592,0.8587266355752945,-0.7413512445637025,0.06103515625,0.06640625,0
L7H6->Output,head,7,6,-0.006321043620118871,-0.9722303282469511,0.9659092846268322,0.09033203125,0.1025390625,0
L7H7->Output,head,7,7,-0.11844706657575443,-0.8650500196963549,0.7466029531206004,0.0810546875,0.09033203125,0
L7H8->Output,head,7,8,-0.07866544138232712,-0.6047809515148401,0.526115510132513,0.14892578125,0.14990234375,0
L7H9->Output,head,7,9,-0.09402123425388709,-1.0054026301950216,0.9113813959411345,0.21044921875,0.21630859375,0
L7H10->Output,head,7,10,0.2693995611334685,0.6080397143959999,-0.3386401532625314,-0.0048828125,0.0,0
L7H11->Output,head,7,11,0.05492316427989863,0.3789140097796917,-0.32399084549979307,0.044921875,0.04931640625,0
L7H12->Output,head,7,12,-0.0006544036150444299,-0.10455149039626122,0.10389708678121679,0.0830078125,0.08642578125,0
L7H13->Output,head,7,13,-0.0883490725827869,-0.9998321998864412,0.9114831273036543,0.337890625,0.33935546875,0
L7H14->Output,head,7,14,0.04295100652961992,-0.07524913549423218,0.1182001420238521,0.09521484375,0.10205078125,0
L7H15->Output,head,7,15,-0.02839114682865329,0.1364552155137062,-0.1648463623423595,0.1005859375,0.080078125,0
MLP7->Output,mlp,7,-1,-0.21572360088339337,-2.419854462845251,2.2041308619618576,-0.240234375,-0.240234375,0
L8H0->Output,head,8,0,-0.019538267166353762,0.1803337074816227,-0.19987197464797646,0.0966796875,0.09228515625,0
L8H1->Output,head,8,1,0.05832847056444734,0.3176036663353443,-0.25927519577089697,0.02978515625,0.03076171875,0
L8H2->Output,head,8,2,-0.045781467531924136,0.009570620954036713,-0.05535208848596085,0.107421875,0.0869140625,0
L8H3->Output,head,8,3,-0.1680010958953062,-1.355757899582386,1.1877568036870798,0.19384765625,0.18115234375,0
L8H4->Output,head,8,4,0.19069535334710963,-0.6868554428219795,0.8775507961690892,0.18798828125,0.1806640625,0
L8H5->Output,head,8,5,0.15970770007697865,0.8303630203008652,-0.6706553202238865,0.1064453125,0.10888671875,0
L8H6->Output,head,8,6,0.03703969420166686,0.33489101380109787,-0.297851319599431,0.10302734375,0.09130859375,0
L8H7->Output,head,8,7,0.07289672130718827,0.5730869732797146,-0.5001902519725263,0.080078125,0.0546875,0
L8H8->Output,head,8,8,0.02041283593280241,0.21436083316802979,-0.19394799723522738,0.17041015625,0.17919921875,0
L8H9->Output,head,8,9,0.03465536920703016,0.3859437331557274,-0.3512883639486972,0.0830078125,0.0908203125,0
L8H10->Output,head,8,10,0.06193094787886366,-0.17424577847123146,0.23617672635009512,0.1650390625,0.1708984375,0
L8H11->Output,head,8,11,-0.15796927527117077,-0.25803165324032307,0.1000623779691523,-0.10888671875,-0.10986328125,0
L8H12->Output,head,8,12,-0.04027497483184561,-0.4360174462199211,0.3957424713880755,0.07568359375,0.06884765625,0
L8H13->Output,head,8,13,0.06752142144250683,-0.7215950321406126,0.7891164535831194,0.27294921875,0.26416015625,0
L8H14->Output,head,8,14,-0.1703677493496798,-2.3518311753869057,2.181463426037226,0.34423828125,0.32177734375,0
L8H15->Output,head,8,15,-0.04985073111311067,0.2777085080742836,-0.32755923918739427,0.1357421875,0.1259765625,0
MLP8->Output,mlp,8,-1,-0.2156565691329888,-0.5792901755776256,0.3636336064446368,0.5380859375,0.5380859375,0
L9H0->Output,head,9,0,-0.15538168569037225,-2.6666100062429905,2.5112283205526182,-0.14111328125,-0.13427734375,1
L9H1->Output,head,9,1,-0.14290547819109634,-0.9909832626581192,0.8480777844670229,0.1455078125,0.1396484375,0
L9H2->Output,head,9,2,-0.080443109254702,-0.4617278464138508,0.3812847371591488,-0.25830078125,-0.24365234375,0
L9H3->Output,head,9,3,-0.16353348825941794,-1.7094120513647795,1.5458785631053615,0.01806640625,0.02880859375,0
L9H4->Output,head,9,4,0.2623377000563778,1.3096541613340378,-1.04731646127766,-0.00244140625,-0.01123046875,0
L9H5->Output,head,9,5,0.00494180285022594,-0.4791882336139679,0.48413003646419384,0.16552734375,0.14794921875,0
L9H6->Output,head,9,6,0.06194061055430211,-0.4546905495226383,0.5166311600769404,0.31591796875,0.3173828125,0
L9H7->Output,head,9,7,-0.06537022336851805,-0.8638656325638294,0.7984954091953114,-0.12255859375,-0.123046875,0
L9H8->Output,head,9,8,-0.20456006610766053,-3.3068972900509834,3.102337223943323,-0.080078125,-0.07763671875,1
L9H9->Output,head,9,9,-0.1439171122474363,0.7973324991762638,-0.9412496114237001,0.02685546875,0.037109375,0
L9H10->Output,head,9,10,-0.13544837829249445,-0.7589449808001518,0.6234966025076574,-0.01611328125,-0.02734375,0
L9H11->Output,head,9,11,-0.08601522452954669,-1.0722561124712229,0.9862408879416762,0.10888671875,0.09912109375,0
L9H12->Output,head,9,12,-0.13724373644799925,-1.7043581660836935,1.5671144296356943,-0.03173828125,-0.03515625,0
L9H13->Output,head,9,13,-0.2139591496961657,-2.2228060588240623,2.0088469091278967,0.17919921875,0.15380859375,0
L9H14->Output,head,9,14,0.08421383416862227,0.7604404278099537,-0.6762265936413314,0.09765625,0.0869140625,0
L9H15->Output,head,9,15,-0.11735802065231837,-1.707570282742381,1.5902122620900627,0.1630859375,0.154296875,0
MLP9->Output,mlp,9,-1,-0.21392198790272232,-3.5202844462473877,3.3063624583446654,0.01953125,0.01953125,1
L10H0->Output,head,10,0,-0.18507426751602907,-2.7652782648801804,2.5802039973641513,0.119140625,0.119140625,1
L10H1->Output,head,10,1,-0.02098035643575713,-0.25716737285256386,0.23618701641680673,0.087890625,0.099609375,0
L10H2->Output,head,10,2,0.19313340133521706,-0.5259745437651873,0.7191079451004043,0.49169921875,0.48828125,0
L10H3->Output,head,10,3,0.021835143852513283,0.20109635964035988,-0.1792612157878466,0.1025390625,0.09814453125,0
L10H4->Output,head,10,4,-0.14504373558156658,-1.3642534743994474,1.2192097388178809,0.0400390625,0.04443359375,0
L10H5->Output,head,10,5,-0.07750869786832482,-1.063648907467723,0.9861402095993981,-0.1181640625,-0.1279296875,0
L10H6->Output,head,10,6,0.11758940372965299,0.186151884496212,-0.06856248076655902,0.23779296875,0.240234375,0
L10H7->Output,head,10,7,-0.1289091517974157,1.4324673563241959,-1.5613765081216116,-0.208984375,-0.20654296875,0
L10H8->Output,head,10,8,0.40607930335681885,0.9759424701333046,-0.5698631667764857,0.111328125,0.1142578125,0
L10H9->Output,head,10,9,-0.12597801175434142,-1.2071846053004265,1.081206593546085,0.18359375,0.18701171875,0
L10H10->Output,head,10,10,0.04319890105398372,0.48324720188975334,-0.4400483008357696,0.123046875,0.13623046875,0
L10H11->Output,head,10,11,-0.006855853978777304,-0.17966072261333466,0.17280486863455735,0.13818359375,0.14990234375,0
L10H12->Output,head,10,12,0.02659784202114679,0.43381477519869804,-0.40721693317755125,0.12744140625,0.1318359375,0
L10H13->Output,head,10,13,0.026540847931755707,0.13175833597779274,-0.10521748804603703,0.14892578125,0.146484375,0
L10H14->Output,head,10,14,-0.12209980619081762,-0.8284448403865099,0.7063450341956923,0.04150390625,0.04638671875,0
L10H15->Output,head,10,15,-0.011290505266515538,-0.3565667700022459,0.34527626473573036,0.060546875,0.05419921875,0
MLP10->Output,mlp,10,-1,-0.21540117518088664,-3.3319813356356462,3.1165801604547596,0.01904296875,0.01904296875,1
L11H0->Output,head,11,0,-0.1557894478464732,-1.5828757733106613,1.4270863254641881,-0.16357421875,-0.16357421875,0
L11H1->Output,head,11,1,-0.11772085473057814,0.008173741400241852,-0.12589459613082,0.45263671875,0.4580078125,0
L11H2->Output,head,11,2,0.7955080328974873,6.21638373285532,-5.420875699957833,0.083984375,0.08154296875,1
L11H3->Output,head,11,3,-0.08782823641377036,-0.8923934362828732,0.8045651998691028,0.083984375,0.08203125,0
L11H4->Output,head,11,4,0.10209943739755545,1.2368711531162262,-1.1347717157186707,0.130859375,0.13330078125,0
L11H5->Output,head,11,5,-0.18083224157453515,-2.500365599989891,2.319533358415356,0.35498046875,0.3525390625,0
L11H6->Output,head,11,6,-0.15573711425531656,-1.9958849400281906,1.840147825772874,0.22119140625,0.21923828125,0
L11H7->Output,head,11,7,-0.16759251916664653,-2.027169728651643,1.8595772094849963,0.056640625,0.06787109375,0
L11H8->Output,head,11,8,-0.08051217914908193,0.03735522925853729,-0.11786740840761922,0.14794921875,0.1455078125,0
L11H9->Output,head,11,9,2.7598732877522707,2.9777241088449955,-0.2178508210927248,0.28857421875,0.28759765625,0
L11H10->Output,head,11,10,-0.1583728575205896,-2.3496230617165565,2.191250204195967,0.18017578125,0.19921875,0
L11H11->Output,head,11,11,-0.06863317219540477,-0.6851039081811905,0.6164707359857857,0.3076171875,0.3173828125,0
L11H12->Output,head,11,12,-0.20472128594701644,-3.2832512967288494,3.078530010781833,-0.04638671875,-0.0478515625,1
L11H13->Output,head,11,13,0.5632556029595435,3.685671441257,-3.1224158382974565,0.02197265625,0.01904296875,1
L11H14->Output,head,11,14,0.03505938340094872,0.8927170783281326,-0.8576576949271839,0.0830078125,0.0771484375,0
L11H15->Output,head,11,15,0.15565295261330903,0.829352755099535,-0.673699802486226,0.12890625,0.11865234375,0
MLP11->Output,mlp,11,-1,-0.21627313245335245,-3.624937416316243,3.4086642838628904,1.01904296875,1.01904296875,1
L12H0->Output,head,12,0,-0.008652472286485136,1.0893077179789543,-1.0979601902654395,-0.42626953125,-0.43603515625,0
L12H1->Output,head,12,1,0.04781432464369573,0.03668692708015442,0.011127397563541308,0.07275390625,0.068359375,0
L12H2->Output,head,12,2,0.011644187790807337,-0.6327425874769688,0.6443867752677761,0.07568359375,0.0732421875,0
L12H3->Output,head,12,3,-0.04142426373437047,-0.9972993843257427,0.9558751205913723,0.37646484375,0.36669921875,0
L12H4->Output,head,12,4,-0.18296067797928117,-2.225047677755356,2.0420869997760747,0.076171875,0.05810546875,0
L12H5->Output,head,12,5,-0.03521029268449638,-1.4457492548972368,1.4105389622127404,0.4267578125,0.42724609375,0
L12H6->Output,head,12,6,0.18696810089750215,-0.4287649132311344,0.6157330141286366,-0.146484375,-0.14208984375,0
L12H7->Output,head,12,7,0.27510928103583865,0.6499487608671188,-0.3748394798312802,0.10546875,0.0908203125,0
L12H8->Output,head,12,8,0.1287982963549439,-0.545533049851656,0.6743313462065998,0.1611328125,0.1513671875,0
L12H9->Output,head,12,9,-0.1527903968380997,-0.583945993334055,0.43115559649595525,-0.0205078125,-0.01025390625,0
L12H10->Output,head,12,10,0.27318026032298803,-0.6098397932946682,0.8830200536176562,0.21435546875,0.22607421875,0
L12H11->Output,head,12,11,-0.04977901063102763,-0.6460808906704187,0.5963018800393911,0.2138671875,0.22412109375,0
L12H12->Output,head,12,12,-0.0626549282023916,-0.8877454176545143,0.8250904894521227,0.0400390625,0.05078125,0
L12H13->Output,head,12,13,-0.015384577825898305,-0.4403475522994995,0.4249629744736012,0.21728515625,0.22314453125,0
L12H14->Output,head,12,14,0.024200599582400173,-0.18149765208363533,0.2056982516660355,0.3583984375,0.36328125,0
L12H15->Output,head,12,15,0.1452939756854903,0.9281675815582275,-0.7828736058727372,0.0439453125,0.0517578125,0
MLP12->Output,mlp,12,-1,-0.20112115125812124,-0.37326328828930855,0.1721421370311873,-1.21044921875,-1.21044921875,0
L13H0->Output,head,13,0,0.15021041125874035,0.9946325048804283,-0.844422093621688,0.0546875,0.060546875,0
L13H1->Output,head,13,1,0.033956815022975206,-0.003683999180793762,0.03764081420376897,0.18212890625,0.1796875,0
L13H2->Output,head,13,2,-0.1295694071741309,-1.152878636494279,1.023309229320148,0.0048828125,0.033203125,0
L13H3->Output,head,13,3,0.6784070062858518,1.8021564036607742,-1.1237493973749224,-0.08935546875,-0.09765625,0
L13H4->Output,head,13,4,-0.07904383551795036,-1.033778427168727,0.9547345916507766,0.10302734375,0.10302734375,0
L13H5->Output,head,13,5,-0.12420180671324488,-0.23380121029913425,0.10959940358588938,0.22021484375,0.21337890625,0
L13H6->Output,head,13,6,-0.10459690222342033,-2.2451089173555374,2.140512015132117,-0.43017578125,-0.43701171875,0
L13H7->Output,head,13,7,1.7878735307604074,5.250475466251373,-3.462601935490966,0.08544921875,0.0927734375,1
L13H8->Output,head,13,8,0.34968042018590495,0.9106234535574913,-0.5609430333715864,-0.10546875,-0.10791015625,0
L13H9->Output,head,13,9,0.027807353835669346,0.1933455877006054,-0.16553823386493605,-0.115234375,-0.115234375,0
L13H10->Output,head,13,10,-0.05588104124763049,-2.500931955873966,2.4450509146263357,-0.3642578125,-0.3720703125,0
L13H11->Output,head,13,11,-0.17535351270635147,-0.774075685068965,0.5987221723626135,0.6845703125,0.68359375,0
L13H12->Output,head,13,12,0.063981623534346,0.7131296247243881,-0.6491480011900421,0.076171875,0.07080078125,0
L13H13->Output,head,13,13,-0.03191359926131554,-0.8589447103440762,0.8270311110827606,0.1416015625,0.1650390625,0
L13H14->Output,head,13,14,0.02696510414534714,0.6886365227401257,-0.6616714185947785,0.0576171875,0.068359375,0
L13H15->Output,head,13,15,0.3008501045696903,1.200360007584095,-0.8995099030144047,0.056640625,0.05908203125,0
MLP13->Output,mlp,13,-1,0.33658549809479155,-0.6472987905144691,0.9838842886092607,0.208984375,0.208984375,0
L14H0->Output,head,14,0,-0.16841989956446923,-1.8304473925381899,1.6620274929737207,0.419921875,0.4267578125,0
L14H1->Output,head,14,1,0.5609503348823637,1.7568035162985325,-1.1958531814161688,0.10009765625,0.09130859375,0
L14H2->Output,head,14,2,-0.1006363370543113,-1.1110198814421892,1.010383544387878,0.1630859375,0.15625,0
L14H3->Output,head,14,3,-0.04627408228407148,-0.294484730809927,0.2482106485258555,-0.01513671875,-0.01611328125,0
L14H4->Output,head,14,4,0.2335133536835201,1.1670894026756287,-0.9335760489921086,0.11376953125,0.1171875,0
L14H5->Output,head,14,5,-0.18863625027006492,-2.16376724652946,1.975130996259395,-0.26953125,-0.26025390625,0
L14H6->Output,head,14,6,0.9620427757035941,3.4677773118019104,-2.5057345360983163,0.10595703125,0.1025390625,1
L14H7->Output,head,14,7,-0.008084385233814828,0.3370145186781883,-0.34509890391200315,-0.00732421875,-0.0068359375,0
L14H8->Output,head,14,8,-0.14572555184713565,-1.765650287270546,1.6199247354234103,0.134765625,0.1455078125,0
L14H9->Output,head,14,9,-0.05280685343313962,0.4233080595731735,-0.47611491300631315,0.0263671875,0.01611328125,0
L14H10->Output,head,14,10,0.05495951251941733,0.07467640191316605,-0.019716889393748716,0.09765625,0.1103515625,0
L14H11->Output,head,14,11,-0.06281903055787552,-0.5787692070007324,0.5159501764428569,-0.00048828125,-0.01171875,0
L14H12->Output,head,14,12,-0.04252268801792525,-1.1529254112392664,1.1104027232213411,-0.40673828125,-0.40966796875,0
L14H13->Output,head,14,13,-0.10971886699553579,-0.5011879466474056,0.39146907965186983,0.53271484375,0.537109375,0
L14H14->Output,head,14,14,0.044459249620558694,0.31597811728715897,-0.27151886766660027,-0.03564453125,-0.03173828125,0
L14H15->Output,head,14,15,0.05411882122280076,-0.011090777814388275,0.06520959903718904,0.310546875,0.31982421875,0
MLP14->Output,mlp,14,-1,-0.21644086398009676,-3.6318634552835647,3.415422591303468,-1.015625,-1.015625,1
L15H0->Output,head,15,0,-0.01948901091236621,-0.22326163947582245,0.20377262856345624,0.2958984375,0.30615234375,0
L15H1->Output,head,15,1,0.07963373023085296,0.16957958787679672,-0.08994585764594376,0.11474609375,0.1259765625,0
L15H2->Output,head,15,2,-0.207154998119222,-3.314198538661003,3.107043540541781,0.14453125,0.14208984375,1
L15H3->Output,head,15,3,-0.03234491252806038,-1.2646622005850077,1.2323172880569473,0.2578125,0.25390625,0
L15H4->Output,head,15,4,-0.02788010096992366,-0.2610103078186512,0.23313020684872754,0.263671875,0.26708984375,0
L15H5->Output,head,15,5,1.0156729083973914,2.158365897834301,-1.1426929894369096,0.86083984375,0.8642578125,0
L15H6->Output,head,15,6,0.27673902598326094,1.1978233605623245,-0.9210843345790636,0.0751953125,0.07275390625,0
L15H7->Output,head,15,7,-0.1389811208937317,-1.5032276846468449,1.3642465637531132,0.265625,0.25732421875,0
L15H8->Output,head,15,8,0.8448130306787789,2.1466785818338394,-1.3018655511550605,0.154296875,0.142578125,0
L15H9->Output,head,15,9,-0.0256491094478406,0.27326300740242004,-0.29891211685026065,0.61865234375,0.61376953125,0
L15H10->Output,head,15,10,-0.0332423906220356,0.04962622746825218,-0.08286861809028778,0.0595703125,0.0673828125,0
L15H11->Output,head,15,11,-0.019183502736268565,-0.16018004715442657,0.140996544418158,0.43994140625,0.42724609375,0
L15H12->Output,head,15,12,0.11261390673462301,0.6976431719958782,-0.5850292652612552,0.0712890625,0.06591796875,0
L15H13->Output,head,15,13,0.07448379721608944,0.5433639734983444,-0.468880176282255,0.13818359375,0.12744140625,0
L15H14->Output,head,15,14,0.04098096047528088,-0.14573227241635323,0.1867132328916341,0.138671875,0.14013671875,0
L15H15->Output,head,15,15,0.6146842947928235,2.234318409115076,-1.6196341143222526,0.42431640625,0.423828125,0
MLP15->Output,mlp,15,-1,0.39096296063507907,1.5068363174796104,-1.1158733568445314,-0.13037109375,-0.13037109375,0
L16H0->Output,head,16,0,-0.08476505805447232,-0.3768650032579899,0.29209994520351756,0.2373046875,0.24365234375,0
L16H1->Output,head,16,1,0.0649893188092392,2.009506218135357,-1.9445168993261177,0.32470703125,0.32666015625,1
L16H2->Output,head,16,2,0.09131467703264207,0.368809025734663,-0.27749434870202094,0.123046875,0.12060546875,0
L16H3->Output,head,16,3,-0.0069947858864907175,0.024116605520248413,-0.03111139140673913,0.00341796875,0.0078125,0
L16H4->Output,head,16,4,-0.11167896031111013,-1.0282644405961037,0.9165854802849935,0.23095703125,0.22705078125,0
L16H5->Output,head,16,5,0.028445685413316824,0.2193663902580738,-0.19092070484475698,0.42919921875,0.41796875,0
L16H6->Output,head,16,6,0.19954532734118402,2.126794893294573,-1.9272495659533888,0.22314453125,0.20166015625,1
L16H7->Output,head,16,7,0.2608813689730596,0.8725563064217567,-0.6116749374486972,0.61279296875,0.62353515625,0
L16H8->Output,head,16,8,-0.016439940241980366,0.9644466415047646,-0.9808865817467449,0.287109375,0.28466796875,0
L16H9->Output,head,16,9,-0.04282645910279825,-1.9492206815630198,1.9063942224602215,0.26708984375,0.28076171875,0
L16H10->Output,head,16,10,0.07762403253582306,0.47870123386383057,-0.4010772013280075,0.0517578125,0.0634765625,0
L16H11->Output,head,16,11,0.068258008279372,0.6431002095341682,-0.5748422012547962,0.07275390625,0.0712890625,0
L16H12->Output,head,16,12,-0.18928786119795404,-3.2021840512752533,3.0128961900772993,-0.072265625,-0.0615234375,1
L16H13->Output,head,16,13,0.40204893791815266,1.8513956516981125,-1.4493467137799598,1.1220703125,1.115234375,0
L16H14->Output,head,16,14,0.130726639094064,0.5718693733215332,-0.4411427342274692,0.1826171875,0.1796875,0
L16H15->Output,head,16,15,0.08673814591020346,0.30916185304522514,-0.2224237071350217,0.10302734375,0.10302734375,0
MLP16->Output,mlp,16,-1,-0.21226866909091768,-3.0605226248007966,2.848253955709879,0.28857421875,0.28857421875,1
L17H0->Output,head,17,0,-0.015440143921296112,0.11301841586828232,-0.12845855978957843,0.09130859375,0.087890625,0
L17H1->Output,head,17,1,0.46644070162437856,2.3686945624649525,-1.902253860840574,0.00634765625,0.00439453125,0
L17H2->Output,head,17,2,1.1719620747026056,3.145910546183586,-1.9739484714809805,1.5771484375,1.58251953125,1
L17H3->Output,head,17,3,-0.2007036015857011,-2.4385409392416477,2.2378373376559466,-3.537353515625,-3.537353515625,0
L17H4->Output,head,17,4,0.3026181745517533,1.5937580093741417,-1.2911398348223884,0.1591796875,0.16552734375,0
L17H5->Output,head,17,5,0.9543293392052874,3.3197563998401165,-2.365427060634829,0.0263671875,0.015625,1
L17H6->Output,head,17,6,0.3227997458016034,1.9747119545936584,-1.651912208792055,0.12646484375,0.1357421875,0
L17H7->Output,head,17,7,-0.0929382494505262,-0.8877248167991638,0.7947865673486376,-0.1708984375,-0.1611328125,0
L17H8->Output,head,17,8,1.208498251857236,1.7352751977741718,-0.5267769459169358,2.46923828125,2.47216796875,0
L17H9->Output,head,17,9,0.025797717564273626,-0.6895153541117907,0.7153130716760643,0.34619140625,0.33642578125,0
L17H10->Output,head,17,10,-0.07344778499100357,-0.8090684432536364,0.7356206582626328,0.08935546875,0.08837890625,0
L17H11->Output,head,17,11,0.35453606373630464,2.1453976035118103,-1.7908615397755057,0.8095703125,0.80810546875,0
L17H12->Output,head,17,12,0.763099757488817,5.302929848432541,-4.539830090943724,0.3388671875,0.33642578125,1
L17H13->Output,head,17,13,-0.18510111769137438,-2.6420858576893806,2.4569847399980063,-0.62353515625,-0.62353515625,0
L17H14->Output,head,17,14,-0.05774480939726345,-0.44052040949463844,0.382775600097375,0.30078125,0.28955078125,0
L17H15->Output,head,17,15,-0.19234488224901725,-2.6701311729848385,2.4777862907358212,0.4931640625,0.4970703125,0
MLP17->Output,mlp,17,-1,-0.20881033422483597,-2.9591040646191686,2.7502937303943327,-1.62109375,-1.62109375,1
L18H0->Output,head,18,0,0.0385449813620653,0.22109723836183548,-0.18255225699977018,0.07958984375,0.08447265625,0
L18H1->Output,head,18,1,-0.005389175086747855,-0.02361147478222847,0.018222299695480615,0.04052734375,0.044921875,0
L18H2->Output,head,18,2,0.012065985501976684,0.4057423695921898,-0.3936763840902131,0.05712890625,0.0625,0
L18H3->Output,head,18,3,-0.2085332002316136,-3.4896129965782166,3.281079796346603,-1.9169921875,-1.9208984375,1
L18H4->Output,head,18,4,0.018841567652998492,0.15652479976415634,-0.13768323211115785,0.0869140625,0.0947265625,0
L18H5->Output,head,18,5,0.025833737570792437,0.2689974047243595,-0.24316366715356708,0.0,-0.0068359375,0
L18H6->Output,head,18,6,-0.15934569004457444,-1.6600335445255041,1.5006878544809297,-0.392578125,-0.39404296875,0
L18H7->Output,head,18,7,0.1790535110339988,-0.02754451334476471,0.2065980243787635,1.04736328125,1.0478515625,0
L18H8->Output,head,18,8,0.024044616788160056,0.05951007828116417,-0.03546546149300411,0.4794921875,0.4814453125,0
L18H9->Output,head,18,9,0.03899921622360125,0.22452446073293686,-0.1855252445093356,0.08544921875,0.07958984375,0
L18H10->Output,head,18,10,0.18990431874408387,1.0583566911518574,-0.8684523724077735,0.2021484375,0.19970703125,0
L18H11->Output,head,18,11,0.2700408886594232,1.558034785091877,-1.2879938964324538,0.63525390625,0.634765625,0
L18H12->Output,head,18,12,-0.16269079578341916,-2.4661083184182644,2.3034175226348452,0.34033203125,0.34716796875,0
L18H13->Output,head,18,13,-0.10524241533130407,-0.8051283974200487,0.6998859820887446,0.2197265625,0.22021484375,0
L18H14->Output,head,18,14,-0.16102593349933159,-1.678955975919962,1.5179300424206303,0.4580078125,0.4599609375,0
L18H15->Output,head,18,15,-0.16170207927643787,-2.6819587387144566,2.5202566594380187,0.7822265625,0.7734375,1
MLP18->Output,mlp,18,-1,17.181200608756626,18.865770041942596,-1.6845694331859704,-0.296875,-0.296875,0
L19H0->Output,head,19,0,0.08490702538983896,1.1673717200756073,-1.0824646946857683,0.0419921875,0.04052734375,0
L19H1->Output,head,19,1,-0.09281600198301021,-0.58083401247859,0.4880180104955798,0.29052734375,0.2919921875,0
L19H2->Output,head,19,2,-0.043404783064033836,-0.8508316073566675,0.8074268242926337,0.47998046875,0.482421875,0
L19H3->Output,head,19,3,-0.01832307511358522,-0.05945049971342087,0.04112742459983565,0.251953125,0.25,0
L19H4->Output,head,19,4,-0.026377459027571604,-0.2799457311630249,0.2535682721354533,0.1083984375,0.10888671875,0
L19H5->Output,head,19,5,0.009300056990468875,-0.2136218138039112,0.22292187079438008,0.7578125,0.75439453125,0
L19H6->Output,head,19,6,-0.036105386330746114,-0.6397515945136547,0.6036462081829086,1.27685546875,1.27392578125,0
L19H7->Output,head,19,7,-0.007124437135644257,0.5560340918600559,-0.5631585289957002,-0.3701171875,-0.37646484375,0
L19H8->Output,head,19,8,-0.06442894352949224,-1.4858413599431515,1.4214124164136592,1.32421875,1.32275390625,0
L19H9->Output,head,19,9,0.06454472974292003,0.3966751918196678,-0.3321304620767478,0.2734375,0.26611328125,0
L19H10->Output,head,19,10,0.04930688042077236,1.078668586909771,-1.0293617064889986,-0.02490234375,-0.0244140625,0
L19H11->Output,head,19,11,0.021219885820755735,0.322345282882452,-0.3011253970616963,0.0693359375,0.06689453125,0
L19H12->Output,head,19,12,0.028806349320802838,0.7003048397600651,-0.6714984904392622,-0.0322265625,-0.03125,0
L19H13->Output,head,19,13,-0.006476950860815123,-0.6345700658857822,0.6280931150249671,0.53271484375,0.529296875,0
L19H14->Output,head,19,14,0.02622730500297621,-0.5330263003706932,0.5592536053736694,0.07958984375,0.07470703125,0
L19H15->Output,head,19,15,-0.07702506464556791,-0.7987796403467655,0.7217545757011976,-0.05908203125,-0.05517578125,0
MLP19->Output,mlp,19,-1,4.859082032140577,11.14051353931427,-6.281431507173693,0.9482421875,0.9482421875,1
L20H0->Output,head,20,0,-0.02292453945847228,-0.19274411350488663,0.16981957404641435,0.2392578125,0.244140625,0
L20H1->Output,head,20,1,0.12832002723007463,1.3252161964774132,-1.1968961692473385,0.111328125,0.107421875,0
L20H2->Output,head,20,2,-0.07769872297649272,-1.0081478115171194,0.9304490885406267,0.083984375,0.09033203125,0
L20H3->Output,head,20,3,-0.10343948936497327,-1.2696234732866287,1.1661839839216555,0.07568359375,0.07373046875,0
L20H4->Output,head,20,4,-0.12900256121065468,-1.509123183786869,1.3801206225762144,0.00927734375,0.0126953125,0
L20H5->Output,head,20,5,0.11263203382259235,-1.1588853690773249,1.2715174028999172,1.96337890625,1.9638671875,0
L20H6->Output,head,20,6,-0.07305151199398097,-1.0845556240528822,1.0115041120589012,0.427734375,0.43017578125,0
L20H7->Output,head,20,7,-0.02390259606181644,-0.15357062965631485,0.1296680335944984,-0.10400390625,-0.1064453125,0
L20H8->Output,head,20,8,-0.12438061232387554,-1.4142790641635656,1.28989845183969,0.17919921875,0.18359375,0
L20H9->Output,head,20,9,-0.09212994982954115,-1.2336745969951153,1.1415446471655741,0.0,0.0068359375,0
L20H10->Output,head,20,10,0.1513775118801277,0.8574254214763641,-0.7060479095962364,0.6015625,0.6025390625,0
L20H11->Output,head,20,11,0.013011447386816144,0.3522881679236889,-0.33927672053687274,-0.01611328125,-0.01318359375,0
L20H12->Output,head,20,12,-0.017775617074221373,-0.08934974670410156,0.07157412962988019,0.00146484375,-0.001953125,0
L20H13->Output,head,20,13,0.004777533438755199,0.21629847958683968,-0.21152094614808448,0.0888671875,0.0869140625,0
L20H14->Output,head,20,14,0.09685119325877167,-0.8294349014759064,0.926286094734678,1.33837890625,1.34130859375,0
L20H15->Output,head,20,15,-0.06459805477061309,-0.8837055005133152,0.8191074457427021,-0.0048828125,-0.0126953125,0
MLP20->Output,mlp,20,-1,-0.0077414986153598875,1.0129523985087872,-1.020693897124147,0.81591796875,0.81591796875,0
L21H0->Output,head,21,0,-0.08057636220473796,-1.0754088945686817,0.9948325323639438,-1.22607421875,-1.22900390625,0
L21H1->Output,head,21,1,0.9830164578743279,3.1728908382356167,-2.189874380361289,2.95849609375,2.962890625,1
L21H2->Output,head,21,2,0.03445385192753747,0.30237045884132385,-0.2679166069137864,0.25634765625,0.25341796875,0
L21H3->Output,head,21,3,0.018615544569911435,0.31231117993593216,-0.2936956353660207,-0.02294921875,-0.02099609375,0
L21H4->Output,head,21,4,-0.008660495281219482,-0.1591360867023468,0.15047559142112732,0.09619140625,0.10009765625,0
L21H5->Output,head,21,5,-0.03108570590848103,-1.0386977698653936,1.0076120639569126,-0.04052734375,-0.0419921875,0
L21H6->Output,head,21,6,-0.0037328061007428914,-0.05676844343543053,0.053035637334687635,0.07861328125,0.07763671875,0
L21H7->Output,head,21,7,-0.008549332560505718,-0.04382434859871864,0.035275016038212925,0.07958984375,0.07421875,0
L21H8->Output,head,21,8,0.12524210917763412,1.8269001469016075,-1.7016580377239734,0.3232421875,0.3203125,0
L21H9->Output,head,21,9,-0.030011868017027155,-0.20781799778342247,0.17780612976639532,0.02490234375,0.0263671875,0
L21H10->Output,head,21,10,-0.07410144257300999,-0.7089360076934099,0.6348345651203999,-0.07373046875,-0.07421875,0
L21H11->Output,head,21,11,0.007127950870199129,-0.2680966667830944,0.27522461765329354,0.21435546875,0.2177734375,0
L21H12->Output,head,21,12,1.8848304087296128,5.913749158382416,-4.028918749652803,3.232421875,3.236328125,1
L21H13->Output,head,21,13,-0.0017597275436855853,-0.14253587648272514,0.14077614893903956,0.08203125,0.08447265625,0
L21H14->Output,head,21,14,0.016137021593749523,0.3327540419995785,-0.31661702040582895,-0.1103515625,-0.11083984375,0
L21H15->Output,head,21,15,-0.05207010774756782,-0.2893409840762615,0.2372708763286937,0.11376953125,0.11767578125,0
MLP21->Output,mlp,21,-1,-0.12778926496685017,3.9558686539530754,-4.083657918919926,0.30224609375,0.30224609375,1
L22H0->Output,head,22,0,-0.03361128957476467,-0.4471399709582329,0.4135286813834682,0.08154296875,0.0791015625,0
L22H1->Output,head,22,1,0.09814155584899709,0.6931622736155987,-0.5950207177666016,0.44921875,0.45068359375,0
L22H2->Output,head,22,2,0.022660533693851903,-0.32898952066898346,0.35165005436283536,0.17138671875,0.1689453125,0
L22H3->Output,head,22,3,-0.018605294928420335,-0.25493502989411354,0.2363297349656932,0.08447265625,0.08544921875,0
L22H4->Output,head,22,4,-0.08132409954851028,-0.38703062757849693,0.30570652802998666,-0.2138671875,-0.20849609375,0
L22H5->Output,head,22,5,-0.01149489259114489,-0.02880445122718811,0.01730955863604322,0.083984375,0.0908203125,0
L22H6->Output,head,22,6,0.26985186233650893,2.1815809793770313,-1.9117291170405224,-0.28125,-0.27685546875,1
L22H7->Output,head,22,7,-0.16767409244494047,-1.7595103941857815,1.591836301740841,-7.16552734375,-7.155029296875,0
L22H8->Output,head,22,8,-0.0026772804849315435,-0.1201552264392376,0.11747794595430605,-0.36669921875,-0.361328125,0
L22H9->Output,head,22,9,-0.00908880349015817,-0.13290690258145332,0.12381809909129515,0.3095703125,0.3056640625,0
L22H10->Output,head,22,10,0.003545386076439172,-0.0022066645324230194,0.0057520506088621914,0.02978515625,0.02783203125,0
L22H11->Output,head,22,11,0.003307135251816362,0.05118778720498085,-0.04788065195316449,0.10302734375,0.10498046875,0
L22H12->Output,head,22,12,-0.03964542070752941,-0.33312612399458885,0.29348070328705944,-1.10107421875,-1.1044921875,0
L22H13->Output,head,22,13,-0.019704477774212137,-0.2871871553361416,0.26748267756192945,0.06298828125,0.06494140625,0
L22H14->Output,head,22,14,-0.030660242584417574,-0.2615519016981125,0.2308916591136949,-0.04833984375,-0.0498046875,0
L22H15->Output,head,22,15,-0.017177444300614297,-0.506341964006424,0.48916451970580965,0.33740234375,0.34326171875,0
MLP22->Output,mlp,22,-1,-0.048850516468519345,4.072259679436684,-4.121110195905203,1.23193359375,1.23193359375,1
L23H0->Output,head,23,0,-0.015114647860173136,-0.13005642965435982,0.11494178179418668,0.09033203125,0.0927734375,0
L23H1->Output,head,23,1,-0.009585485706338659,-0.16281456872820854,0.15322908302186988,0.0615234375,0.06005859375,0
L23H2->Output,head,23,2,0.02009180493769236,0.14307579025626183,-0.12298398531856947,0.07177734375,0.07666015625,0
L23H3->Output,head,23,3,0.03559839871013537,0.5080189555883408,-0.4724205568782054,0.02294921875,0.0234375,0
L23H4->Output,head,23,4,0.005967048171442002,-0.22985708713531494,0.23582413530675694,-0.08544921875,-0.0859375,0
L23H5->Output,head,23,5,0.1524852548900526,0.6768997311592102,-0.5244144762691576,0.6865234375,0.6875,0
L23H6->Output,head,23,6,0.722780030220747,3.7057299837470055,-2.9829499535262585,2.072265625,2.06982421875,1
L23H7->Output,head,23,7,-0.12547192242345773,-1.8961147349327803,1.7706428125093225,-0.99609375,-0.9931640625,0
L23H8->Output,head,23,8,-0.023627334827324376,-0.30666423588991165,0.2830369010625873,0.0751953125,0.06982421875,0
L23H9->Output,head,23,9,-0.02879960704012774,-0.48392586410045624,0.4551262570603285,0.103515625,0.10205078125,0
L23H10->Output,head,23,10,-0.04135679095634259,-0.6128718070685863,0.5715150161122438,-0.03466796875,-0.03369140625,0
L23H11->Output,head,23,11,-0.025021051696967334,-0.3327040337026119,0.3076829820056446,0.07275390625,0.0712890625,0
L23H12->Output,head,23,12,-0.03756091539980844,-0.600059911608696,0.5624989962088875,0.10302734375,0.10595703125,0
L23H13->Output,head,23,13,-0.019573212135583162,-0.43171463534235954,0.4121414232067764,0.06640625,0.0634765625,0
L23H14->Output,head,23,14,-0.032889997761230916,-0.9873493816703558,0.9544593839091249,-0.3876953125,-0.388671875,0
L23H15->Output,head,23,15,-0.05047633993672207,-0.9543942995369434,0.9039179596002214,0.31494140625,0.31396484375,0
MLP23->Output,mlp,23,-1,-0.14100890170811908,-1.882549999281764,1.741541097573645,-1.8115234375,-1.8115234375,0
L24H0->Output,head,24,0,0.03578396173543297,-0.14345839619636536,0.17924235793179832,0.197265625,0.1943359375,0
L24H1->Output,head,24,1,-0.0396153983019758,-0.3739871568977833,0.3343717585958075,0.07568359375,0.07568359375,0
L24H2->Output,head,24,2,0.026516513607930392,0.05191053822636604,-0.02539402461843565,0.18701171875,0.18896484375,0
L24H3->Output,head,24,3,-0.0365140835638158,-0.12205685302615166,0.08554276946233585,-0.08251953125,-0.08544921875,0
L24H4->Output,head,24,4,-0.0553224123432301,-0.3278852477669716,0.2725628354237415,0.1162109375,0.1201171875,0
L24H5->Output,head,24,5,-0.07582956114492845,-0.7155178673565388,0.6396883062116103,0.02490234375,0.0263671875,0
L24H6->Output,head,24,6,9.290907502174377,13.9669449031353,-4.676037400960922,2.2744140625,2.275390625,1
L24H7->Output,head,24,7,-0.08931699847744312,-0.6391316298395395,0.5498146313620964,-0.21533203125,-0.21923828125,0
L24H8->Output,head,24,8,-0.008912062592571601,-0.12054823338985443,0.11163617079728283,0.08251953125,0.07861328125,0
L24H9->Output,head,24,9,-0.04775165622413624,-0.6293014381080866,0.5815497818839503,-0.001953125,-0.00634765625,0
L24H10->Output,head,24,10,0.013816378283081576,0.1404365934431553,-0.1266202151600737,0.0634765625,0.06494140625,0
L24H11->Output,head,24,11,-0.03223694523330778,-0.15980929508805275,0.12757234985474497,0.0302734375,0.0302734375,0
L24H12->Output,head,24,12,-0.006428738124668598,-0.06429560855031013,0.05786687042564154,0.111328125,0.111328125,0
L24H13->Output,head,24,13,-0.023640449508093297,-0.15380344167351723,0.13016299216542393,0.08740234375,0.0888671875,0
L24H14->Output,head,24,14,-0.01867062720702961,-0.01106502115726471,-0.007605606049764901,-0.19677734375,-0.197265625,0
L24H15->Output,head,24,15,-0.010120042716152966,-0.0438108965754509,0.03369085385929793,0.0693359375,0.0693359375,0
MLP24->Output,mlp,24,-1,0.05872394755715504,1.6636675223708153,-1.6049435748136602,-0.8037109375,-0.8037109375,0
L25H0->Output,head,25,0,-0.1289576890267199,-0.5031577460467815,0.37420005702006165,0.20556640625,0.20849609375,0
L25H1->Output,head,25,1,-0.041115034677204676,-0.35010145232081413,0.30898641764360946,0.076171875,0.078125,0
L25H2->Output,head,25,2,-0.07340303811361082,-0.6471865102648735,0.5737834721512627,0.21484375,0.21826171875,0
L25H3->Output,head,25,3,-0.05994057281350251,-0.44280654191970825,0.38286596910620574,0.05126953125,0.046875,0
L25H4->Output,head,25,4,-0.08930134476395324,-0.741311451420188,0.6520101066562347,0.05517578125,0.052734375,0
L25H5->Output,head,25,5,0.005594366230070591,-0.2276163436472416,0.23321070987731218,0.39111328125,0.3916015625,0
L25H6->Output,head,25,6,-0.00526856622309424,-0.11447204649448395,0.10920348027138971,0.0263671875,0.025390625,0
L25H7->Output,head,25,7,-0.01586274179862812,0.047311414033174515,-0.06317415583180264,0.1806640625,0.18310546875,0
L25H8->Output,head,25,8,-0.009069621271919459,-0.05952948331832886,0.0504598620464094,0.0546875,0.0576171875,0
L25H9->Output,head,25,9,0.0894090577494353,0.38764064759016037,-0.29823158984072506,0.16064453125,0.1611328125,0
L25H10->Output,head,25,10,0.038730436586774886,0.053919292986392975,-0.01518885639961809,0.302734375,0.30029296875,0
L25H11->Output,head,25,11,-0.013419287046417594,-0.08326283097267151,0.06984354392625391,0.0390625,0.0390625,0
L25H12->Output,head,25,12,-0.0236413684906438,-0.12801415100693703,0.10437278251629323,0.0859375,0.087890625,0
L25H13->Output,head,25,13,0.14476730665774085,0.40541914105415344,-0.2606518343964126,0.5185546875,0.5224609375,0
L25H14->Output,head,25,14,-0.06991604994982481,-0.5164744406938553,0.4465583907440305,0.1015625,0.10009765625,0
L25H15->Output,head,25,15,-0.04215384901908692,-0.3880135156214237,0.3458596666023368,0.0712890625,0.06982421875,0
MLP25->Output,mlp,25,-1,-0.016044199554016814,0.7504259049892426,-0.7664701045432594,0.880859375,0.880859375,0
L26H0->Output,head,26,0,0.7330570545746014,3.0813954398036003,-2.348338385228999,0.40087890625,0.400390625,1
L26H1->Output,head,26,1,-0.01511494375881739,-0.1851070635020733,0.1699921197432559,0.056640625,0.0576171875,0
L26H2->Output,head,26,2,0.014969488809583709,0.051425863057374954,-0.036456374247791246,0.07763671875,0.08154296875,0
L26H3->Output,head,26,3,0.014539773721480742,-0.1827135868370533,0.19725336055853404,0.13134765625,0.1279296875,0
L26H4->Output,head,26,4,-0.00848436649539508,0.033686619251966476,-0.042170985747361556,0.2080078125,0.2041015625,0
L26H5->Output,head,26,5,0.017681288765743375,-0.041958071291446686,0.05963936005719006,0.1513671875,0.15185546875,0
L26H6->Output,head,26,6,-0.043487007496878505,-0.36506062746047974,0.32157361996360123,0.0732421875,0.07373046875,0
L26H7->Output,head,26,7,-0.024644093355163932,-0.2319355495274067,0.20729145617224276,0.07958984375,0.07861328125,0
L26H8->Output,head,26,8,-0.00933888359577395,-0.015091471374034882,0.005752587778260931,0.05078125,0.052734375,0
L26H9->Output,head,26,9,-0.04342247810564004,-0.20468515902757645,0.1612626809219364,0.28662109375,0.28564453125,0
L26H10->Output,head,26,10,-0.09379340855230112,-0.9512925576418638,0.8574991490895627,0.244140625,0.2470703125,0
L26H11->Output,head,26,11,-0.02723528945352882,-0.2205832600593567,0.19334797060582787,0.07958984375,0.07958984375,0
L26H12->Output,head,26,12,-0.056513794901547953,-0.47794798761606216,0.4214341927145142,0.04443359375,0.0439453125,0
L26H13->Output,head,26,13,-0.030787337542278692,-0.3026060275733471,0.2718186900310684,0.06884765625,0.0693359375,0
L26H14->Output,head,26,14,0.018734279787167907,-0.10541269928216934,0.12414697906933725,0.14111328125,0.1396484375,0
L26H15->Output,head,26,15,0.1447239071421791,0.5015491880476475,-0.3568252809054684,0.33837890625,0.3408203125,0
MLP26->Output,mlp,26,-1,1.2559198310191277,0.33340439200401306,0.9225154390151147,-0.265625,-0.265625,0
L27H0->Output,head,27,0,-0.020606906939065084,-0.1322140470147133,0.1116071400756482,0.07666015625,0.07568359375,0
L27H1->Output,head,27,1,-0.048112734584719874,-0.3922645077109337,0.3441517731262138,0.06494140625,0.0634765625,0
L27H2->Output,head,27,2,-0.012110004434362054,-0.11887888237833977,0.10676887794397771,0.07470703125,0.07421875,0
L27H3->Output,head,27,3,-0.022789804643252864,-0.17321329563856125,0.15042349099530838,0.0810546875,0.08056640625,0
L27H4->Output,head,27,4,-0.0033830716856755316,-0.0353277288377285,0.03194465715205297,0.078125,0.0771484375,0
L27H5->Output,head,27,5,0.0763201238878537,0.36293162032961845,-0.28661149644176476,0.0654296875,0.06640625,0
L27H6->Output,head,27,6,-0.07542864675633609,-0.2671396732330322,0.19171102647669613,0.060546875,0.06396484375,0
L27H7->Output,head,27,7,-0.0023287826334126294,0.08613291382789612,-0.08846169646130875,0.00732421875,0.00634765625,0
L27H8->Output,head,27,8,-0.06430977523268666,-0.3393460288643837,0.27503625363169704,0.02978515625,0.02978515625,0
L27H9->Output,head,27,9,-0.04518554307287559,-0.27451566979289055,0.22933012672001496,0.06201171875,0.0634765625,0
L27H10->Output,head,27,10,-0.020975082356017083,-0.13196611776947975,0.11099103541346267,0.08740234375,0.08837890625,0
L27H11->Output,head,27,11,-0.019056944642215967,-0.1142134852707386,0.09515654062852263,0.08154296875,0.0791015625,0
L27H12->Output,head,27,12,0.10591328746522777,0.5595159716904163,-0.45360268422518857,0.15576171875,0.15673828125,0
L27H13->Output,head,27,13,-0.00815763053833507,-0.03789934143424034,0.02974171089590527,0.03955078125,0.0400390625,0
L27H14->Output,head,27,14,-0.03164028548053466,-0.22551163285970688,0.19387134737917222,0.0322265625,0.03466796875,0
L27H15->Output,head,27,15,0.13135462827631272,0.46622781828045845,-0.3348731900041457,0.33154296875,0.33349609375,0
MLP27->Output,mlp,27,-1,7.503690377023304,7.73025506734848,-0.22656469032517634,2.533203125,2.533203125,0
